user_id,user_name,signup_date
U1,User_1,2022-10-23
U2,User_2,2022-06-11
U3,User_3,2022-04-29
U4,User_4,2022-10-26
U5,User_5,2022-01-27
U6,User_6,2022-11-07
U7,User_7,2022-09-26
U8,User_8,2022-06-29
U9,User_9,2022-06-13
U10,User_10,2022-09-17
U11,User_11,2022-03-05
U12,User_12,2022-04-15
U13,User_13,2022-01-24
U14,User_14,2022-07-11
U15,User_15,2022-03-26
U16,User_16,2022-11-27
U17,User_17,2022-03-12
U18,User_18,2022-08-20
U19,User_19,2022-09-10
U20,User_20,2022-05-04
U21,User_21,2022-10-12
U22,User_22,2022-06-12
U23,User_23,2022-01-04
U24,User_24,2022-01-08
U25,User_25,2022-10-05
U26,User_26,2022-02-16
U27,User_27,2022-02-17
U28,User_28,2022-10-21
U29,User_29,2022-07-14
U30,User_30,2022-05-11
U31,User_31,2022-02-07
U32,User_32,2022-04-21
U33,User_33,2022-11-16
U34,User_34,2022-06-04
U35,User_35,2022-08-08
U36,User_36,2022-03-16
U37,User_37,2022-02-27
U38,User_38,2022-01-25
U39,User_39,2022-11-09
U40,User_40,2022-08-27
U41,User_41,2022-07-12
U42,User_42,2022-10-20
U43,User_43,2022-12-03
U44,User_44,2022-03-26
U45,User_45,2022-10-27
U46,User_46,2022-03-15
U47,User_47,2022-02-21
U48,User_48,2022-09-06
U49,User_49,2022-06-05
U50,User_50,2022-02-03
U51,User_51,2022-09-06
U52,User_52,2022-02-27
U53,User_53,2022-06-25
U54,User_54,2022-11-24
U55,User_55,2022-05-15
U56,User_56,2022-05-23
U57,User_57,2022-08-09
U58,User_58,2022-04-30
U59,User_59,2022-04-16
U60,User_60,2022-12-14
U61,User_61,2022-09-29
U62,User_62,2022-08-08
U63,User_63,2022-11-28
U64,User_64,2022-08-07
U65,User_65,2022-11-04
U66,User_66,2022-10-01
U67,User_67,2022-11-15
U68,User_68,2022-12-17
U69,User_69,2022-11-12
U70,User_70,2022-10-24
U71,User_71,2022-03-03
U72,User_72,2022-07-29
U73,User_73,2022-04-12
U74,User_74,2022-03-30
U75,User_75,2022-04-12
U76,User_76,2022-07-12
U77,User_77,2022-07-30
U78,User_78,2022-11-27
U79,User_79,2022-10-09
U80,User_80,2022-02-28
U81,User_81,2022-02-24
U82,User_82,2022-12-26
U83,User_83,2022-09-02
U84,User_84,2022-11-29
U85,User_85,2022-04-17
U86,User_86,2022-11-17
U87,User_87,2022-07-23
U88,User_88,2022-08-25
U89,User_89,2022-10-12
U90,User_90,2022-11-24
U91,User_91,2022-06-17
U92,User_92,2022-12-21
U93,User_93,2022-01-11
U94,User_94,2022-08-16
U95,User_95,2022-05-30
U96,User_96,2022-12-27
U97,User_97,2022-08-02
U98,User_98,2022-06-29
U99,User_99,2022-03-22
U100,User_100,2022-02-02
